{
  "Anger": {
    "precision": 0.5638297872340425,
    "recall": 0.6309523809523809,
    "f1-score": 0.5955056179775281,
    "support": 168.0
  },
  "Fear": {
    "precision": 0.696969696969697,
    "recall": 0.6764705882352942,
    "f1-score": 0.6865671641791045,
    "support": 136.0
  },
  "Joy": {
    "precision": 0.65,
    "recall": 0.612565445026178,
    "f1-score": 0.6307277628032345,
    "support": 191.0
  },
  "Love": {
    "precision": 0.5985401459854015,
    "recall": 0.7256637168141593,
    "f1-score": 0.656,
    "support": 113.0
  },
  "Neutral": {
    "precision": 0.6180257510729614,
    "recall": 0.488135593220339,
    "f1-score": 0.5454545454545454,
    "support": 295.0
  },
  "Sad": {
    "precision": 0.5901639344262295,
    "recall": 0.72,
    "f1-score": 0.6486486486486487,
    "support": 150.0
  },
  "accuracy": 0.6163342830009497,
  "macro avg": {
    "precision": 0.6195882192813887,
    "recall": 0.6422979540413919,
    "f1-score": 0.627150623177177,
    "support": 1053.0
  },
  "weighted avg": {
    "precision": 0.6193148207692369,
    "recall": 0.6163342830009497,
    "f1-score": 0.6136956021371215,
    "support": 1053.0
  }
}